customer_id,final_segment,purchase_probability_90d,predicted_spend_if_purchase,expected_90_value,probabilistic_clv_90d,recency,frequency,monetary,sales_last_30d,transactions_last_30d,country,action_label,recommendation
14646,High Value Loyal,0.9958070000560575,51124.22104497611,50909.857189000424,55441.762419351966,5,118,424752.44,40327.81,7.0,Netherlands,Retain and reward,Retain and reward
17450,High Value Loyal,0.9906238604701826,48623.98310758973,48168.07785747748,24213.606100098867,8,27,138032.64,15959.46,4.0,United Kingdom,Retain and reward,Retain and reward
12415,High Value Loyal,0.9796899624259375,47160.444550261986,46202.614149436675,23437.229423237644,13,20,118690.0,21880.44,1.0,Australia,Retain and reward,Retain and reward
14156,High Value Loyal,0.9947966068485181,37396.431283858656,37201.84294942636,36783.596364603356,14,136,281527.09,4862.34,5.0,EIRE,Retain and reward,Retain and reward
14911,High Value Loyal,0.9952890036604515,28706.657773387225,28571.420813696128,29486.058102495193,5,303,226502.23,12095.49,12.0,EIRE,Retain and reward,Retain and reward
18102,High Value Loyal,0.9827705761176853,24668.67625119431,24243.64917144689,63198.56558781084,26,111,479701.58,985.92,1.0,United Kingdom,Retain and reward,Retain and reward
17511,High Value Loyal,0.9936293942820004,20256.85396135886,20127.80553168394,18453.627078310696,14,49,140716.64,8419.619999999999,2.0,United Kingdom,Retain and reward,Retain and reward
13089,High Value Loyal,0.9964529171426633,18276.67818274789,18211.849290876806,12690.958020384514,0,175,96832.35,3630.55,6.0,United Kingdom,Retain and reward,Retain and reward
15311,High Value Loyal,0.9962505432887176,17909.1487711064,17841.99919305322,13048.315363950289,12,180,100939.28,3282.0699999999997,6.0,United Kingdom,Retain and reward,Retain and reward
13694,High Value Loyal,0.9958381655732655,17614.755465933154,17541.445770216524,23187.483498612255,7,132,177354.83,9708.39,7.0,United Kingdom,Retain and reward,Retain and reward
17949,High Value Loyal,0.9919660150931351,16522.082363353962,16389.344203016797,13765.089771775853,0,102,105443.2,3413.04,4.0,United Kingdom,Retain and reward,Retain and reward
16029,High Value Loyal,0.9899904255944605,15317.894244846846,15164.568642666865,12074.8629359513,7,90,93397.54,10297.300000000001,7.0,United Kingdom,Retain and reward,Retain and reward
15769,High Value Loyal,0.9931647788466182,12049.17876999382,11966.81996838428,9914.762877574558,1,39,74315.32,8489.0,4.0,United Kingdom,Retain and reward,Retain and reward
15838,High Value Loyal,0.9760909158015298,11013.609320704581,10750.2840081268,7579.089734252773,8,27,54673.42,4585.9400000000005,2.0,United Kingdom,Retain and reward,Retain and reward
17841,High Value Loyal,0.9966386778695396,10762.461868565279,10726.285767308234,6720.338496800992,3,165,51778.42,3530.6800000000003,10.0,United Kingdom,Retain and reward,Retain and reward
16422,High Value Loyal,0.9944975565083871,10682.666780387666,10623.886010088852,8008.952817175628,7,96,57471.39,3466.96,3.0,United Kingdom,Retain and reward,Retain and reward
16013,High Value Loyal,0.9952628294105049,10125.154047283106,10077.189465316209,5461.991934637294,9,71,41597.58,4022.18,6.0,United Kingdom,Retain and reward,Retain and reward
16684,At Risk High Value,0.9790780821828079,9497.56529194761,9298.858011446067,15484.365342097322,33,45,114372.71,0.0,0.0,United Kingdom,Retain and reward,Retain and reward
15061,High Value Loyal,0.9853507106753725,8588.895162115596,8463.07395190687,15384.540485507692,27,116,119859.38,913.3,1.0,United Kingdom,Retain and reward,Retain and reward
13798,High Value Loyal,0.9961055986357878,8495.807928720864,8462.721842733168,8826.845123169891,7,94,66749.26,2032.82,3.0,United Kingdom,Retain and reward,Retain and reward
14088,High Value Loyal,0.7686802086377764,10840.826747884712,8333.128966370008,7595.42886562906,28,10,39052.88,1004.88,1.0,United Kingdom,Retain and reward,Retain and reward
12931,High Value Loyal,0.9887294859084448,7456.621647147204,7372.581687797636,10974.14201793274,1,53,82822.08,28610.0,4.0,United Kingdom,Retain and reward,Retain and reward
12748,High Value Loyal,0.9962562220582583,7280.070331838063,7252.815365115399,4679.938471926054,1,254,35796.95,896.16,12.0,United Kingdom,Retain and reward,Retain and reward
13408,High Value Loyal,0.996281923038536,7020.303124302416,6994.201096993454,5397.751363343105,6,84,41024.502,2087.98,6.0,United Kingdom,Retain and reward,Retain and reward
14680,High Value Loyal,0.9880804995669792,6524.033796479657,6446.270572817475,6995.325805702145,21,55,52811.67,2388.2,1.0,United Kingdom,Retain and reward,Retain and reward
13081,At Risk High Value,0.9566683408096024,6553.907439704752,6269.915756162054,6594.349110970521,43,25,49737.89,0.0,0.0,United Kingdom,Retain and reward,Retain and reward
14298,High Value Loyal,0.9902487113476259,6198.961357080018,6138.513495542219,9952.12998906157,23,74,75259.03,598.88,1.0,United Kingdom,Retain and reward,Retain and reward
17404,High Value Loyal,0.9764767210650669,5888.8790809221055,5750.353335687482,5451.661659289505,23,18,36878.6,692.0,2.0,Sweden,Retain and reward,Retain and reward
12901,High Value Loyal,0.9621959786438107,5723.819288800971,5507.43590216817,4919.476811972051,8,19,11639.470000000001,780.0,1.0,United Kingdom,Retain and reward,Retain and reward
13098,High Value Loyal,0.981193578175363,5543.655959141831,5439.399626723547,4949.164314352784,13,17,14468.08,2660.2,2.0,United Kingdom,Retain and reward,Retain and reward
17675,High Value Loyal,0.9950401877761414,5297.663099475523,5271.38768527686,4262.972109122502,1,62,31959.510000000002,2977.31,5.0,United Kingdom,Retain and reward,Retain and reward
13767,High Value Loyal,0.9943592842890556,4504.838962885163,4479.428446971942,3568.2269173849045,8,64,27996.54,1290.3200000000002,3.0,United Kingdom,Retain and reward,Retain and reward
15039,High Value Loyal,0.9907195921946726,4408.462488059321,4367.550158375642,4983.2420906387215,14,82,37462.86,1221.74,3.0,United Kingdom,Retain and reward,Retain and reward
16333,High Value Loyal,0.9685432651877919,4296.07427692251,4160.93380765981,5353.329848073262,23,17,14369.2,1282.0,1.0,United Kingdom,Retain and reward,Retain and reward
17389,High Value Loyal,0.991308360908878,4107.235904963346,4071.5372928153065,4478.689211175533,21,51,34294.43,1066.98,2.0,United Kingdom,Retain and reward,Retain and reward
13777,High Value Loyal,0.979265952134347,4095.713987193999,4010.793257339494,4923.095887398108,29,52,42861.5,326.22,1.0,United Kingdom,Retain and reward,Retain and reward
14606,High Value Loyal,0.9944264400447687,4021.874247874144,3999.458090621217,3616.7057171405845,3,168,27762.15,797.38,6.0,United Kingdom,Retain and reward,Retain and reward
17381,High Value Loyal,0.9610422271780309,4061.9064522032627,3903.6636234142375,5378.401882730727,19,32,36602.409999999996,1055.52,3.0,United Kingdom,Retain and reward,Retain and reward
17677,High Value Loyal,0.9970053560368174,3882.5393053655525,3870.9124824729206,4313.887015971576,0,44,31996.18,2616.66,3.0,United Kingdom,Retain and reward,Retain and reward
12921,At Risk High Value,0.975939400551543,3892.25157929354,3798.6016730915344,3740.869244679709,30,59,28258.5,0.0,0.0,United Kingdom,Retain and reward,Retain and reward
12471,High Value Loyal,0.9937896886433927,3564.47155217614,3542.335074015357,4066.412404770844,7,68,31210.54,1740.8200000000002,3.0,Germany,Retain and reward,Retain and reward
16133,High Value Loyal,0.9963018380014208,3387.370651368092,3374.8436059501,2972.447887658522,1,46,19022.49,2725.44,8.0,United Kingdom,Retain and reward,Retain and reward
12753,At Risk High Value,0.7321166866529142,4376.996351634569,3204.472066450594,5155.307722587985,35,5,16620.91,0.0,0.0,Japan,Retain and reward,Retain and reward
13881,High Value Loyal,0.9906805305169673,3219.5346091296615,3189.53025459031,5091.760879151632,7,32,34988.72,1187.74,1.0,United Kingdom,Retain and reward,Retain and reward
16705,At Risk High Value,0.9676792433079806,3052.6051722680277,2953.9426632183527,4842.9396892265195,44,31,37674.491,0.0,0.0,United Kingdom,Retain and reward,Retain and reward
15078,High Value Loyal,0.9924231370605334,2864.5902956360947,2842.885687588334,1952.068341500989,5,43,14721.36,1393.64,4.0,United Kingdom,Retain and reward,Retain and reward
17865,High Value Loyal,0.9960334267685576,2803.8035990182175,2792.68210671613,3016.416423293322,7,38,22803.21,1922.34,3.0,United Kingdom,Retain and reward,Retain and reward
16525,High Value Loyal,0.9869281219396034,2748.179344598656,2712.2554793179615,2823.43031186865,17,42,21533.84,348.0,1.0,United Kingdom,Retain and reward,Retain and reward
15856,High Value Loyal,0.9968833195592349,2719.892300935866,2711.4152658005514,3604.336339635987,0,40,27643.11,1578.1399999999999,4.0,United Kingdom,Retain and reward,Retain and reward
15159,High Value Loyal,0.9803220932213887,2563.5684616180724,2513.1228004097643,2804.38165366935,12,22,12445.69,1394.58,1.0,United Kingdom,Retain and reward,Retain and reward
14031,High Value Loyal,0.987105405102765,2521.4492937479454,2488.9362265511463,4156.053814594183,26,38,33259.75,809.11,1.0,United Kingdom,Retain and reward,Retain and reward
17428,High Value Loyal,0.9950599943237624,2427.5815776773234,2415.5893109040676,3266.0355247107714,10,37,25224.0,1704.8,2.0,United Kingdom,Retain and reward,Retain and reward
13802,At Risk High Value,0.9627098004295567,2458.7538612024514,2367.066439023614,4063.808327155978,38,19,26259.11,0.0,0.0,United Kingdom,Retain and reward,Retain and reward
13078,High Value Loyal,0.9947655289596419,2361.4385684022513,2349.077686602365,3101.101101456033,6,46,23821.66,1100.6399999999999,2.0,United Kingdom,Retain and reward,Retain and reward
14258,At Risk High Value,0.938065257357376,2503.2984098554107,2348.257267083326,3820.841459946413,51,23,28767.68,0.0,0.0,United Kingdom,Retain and reward,Retain and reward
12709,At Risk High Value,0.9545631340404326,2350.4375235448174,2243.641008841174,3621.905505842922,35,29,27547.05,0.0,0.0,Germany,Retain and reward,Retain and reward
12621,High Value Loyal,0.9958418770944053,2146.8331606001893,2137.9063644606076,3184.867691008454,0,30,21281.18,1594.81,2.0,Germany,Retain and reward,Retain and reward
12681,At Risk High Value,0.9816990647390663,2175.0391426256133,2135.2338920864254,3495.4751121725917,51,38,26947.32,0.0,0.0,France,Retain and reward,Retain and reward
16839,High Value Loyal,0.9930923080386475,2143.2042091541275,2128.3996146670165,2459.7701635965664,9,32,16585.42,989.05,2.0,United Kingdom,Retain and reward,Retain and reward
12409,At Risk High Value,0.5233629279578824,4039.65722220483,2114.2068317593257,2822.9936604738023,82,5,18553.699999999997,0.0,0.0,Switzerland,Retain and reward,Retain and reward
15498,High Value Loyal,0.982553431975492,2124.172151615129,2087.1126376762104,2574.1724850733467,20,36,21759.55,1015.66,3.0,United Kingdom,Retain and reward,Retain and reward
14733,High Value Loyal,0.9609977368539617,2157.870312028585,2073.7084862838224,3629.115635599186,10,14,15623.46,316.98,1.0,United Kingdom,Retain and reward,Retain and reward
15189,High Value Loyal,0.9946082315294987,2080.7911631345896,2069.572018947503,2475.179658328393,6,33,12427.53,2405.7000000000003,4.0,United Kingdom,Retain and reward,Retain and reward
14895,High Value Loyal,0.9796373288951761,2112.2428569970966,2069.2319504065513,2587.531903565113,10,28,20062.54,872.9200000000001,2.0,United Kingdom,Retain and reward,Retain and reward
13629,At Risk High Value,0.9508848306576061,2073.7010099598174,1971.8508336901477,1557.402717005943,36,15,10475.86,0.0,0.0,United Kingdom,Retain and reward,Retain and reward
12731,At Risk High Value,0.929470351198559,2112.828488508534,1963.8114372363477,2781.7074206832663,44,13,18204.05,0.0,0.0,France,Retain and reward,Retain and reward
15513,High Value Loyal,0.9720515276406978,2015.0586403346085,1958.7408296228436,3024.903435931614,6,31,21921.2,222.95999999999998,1.0,United Kingdom,Retain and reward,Retain and reward
12451,At Risk High Value,0.7358577043463032,2612.726632001392,1922.5950215089927,1956.9392571943054,118,5,8942.18,0.0,0.0,Switzerland,Retain and reward,Retain and reward
12980,At Risk High Value,0.9093487237072849,2091.7917345971246,1902.168144117343,2134.2248682727204,57,21,16245.78,0.0,0.0,United Kingdom,Retain and reward,Retain and reward
12682,High Value Loyal,0.996259554276883,1906.7709342174765,1899.6387610316187,2626.010286782539,0,41,19965.61,1134.08,3.0,France,Retain and reward,Retain and reward
16672,High Value Loyal,0.965155265698779,1965.2259157834876,1896.7481409061381,2303.552364424438,12,16,6303.74,717.2,2.0,United Kingdom,Retain and reward,Retain and reward
12557,At Risk High Value,0.742928523884342,2551.609038075571,1895.6631361874297,2276.3597538481617,58,7,15726.140000000001,0.0,0.0,Spain,Retain and reward,Retain and reward
16779,High Value Loyal,0.9929534468721984,1908.3369502563426,1894.8897525506145,3725.978787376564,6,46,28930.95,678.88,1.0,United Kingdom,Retain and reward,Retain and reward
17306,High Value Loyal,0.9039550511689844,2091.8938021340805,1890.977968948194,1809.5430725846609,28,16,7274.360000000001,611.24,1.0,United Kingdom,Retain and reward,Retain and reward
14056,High Value Loyal,0.9909328879100427,1903.8194158353665,1886.5572717929504,1939.4424642094434,7,17,5333.97,687.0799999999999,4.0,United Kingdom,Retain and reward,Retain and reward
12678,High Value Loyal,0.93048129643432,2025.6083610854946,1884.7906938910292,3414.454660688485,0,18,24934.98,1475.44,2.0,France,Retain and reward,Retain and reward
17107,At Risk High Value,0.7755177675640827,2416.8534898595235,1874.3128229853203,1766.240867120991,55,7,11587.85,0.0,0.0,United Kingdom,Retain and reward,Retain and reward
17735,High Value Loyal,0.9828920926575945,1906.5547256482798,1873.9375640586636,2991.4675279373846,8,22,14354.9,1905.96,2.0,United Kingdom,Retain and reward,Retain and reward
13319,High Value Loyal,0.9840641855794139,1892.5199732426715,1862.3611261618237,2377.5586191903626,13,50,18134.02,346.2,1.0,United Kingdom,Retain and reward,Retain and reward
12971,High Value Loyal,0.990869939226016,1867.511051781328,1850.4605623824775,1694.3465583371435,7,91,12637.64,715.1600000000001,5.0,United Kingdom,Retain and reward,Retain and reward
17061,High Value Loyal,0.8930770319693223,2039.2429284129903,1821.2010219715025,1578.3378707993584,10,10,4658.83,407.4,1.0,United Kingdom,Retain and reward,Retain and reward
15615,High Value Loyal,0.9944559670147044,1825.9538421238958,1815.8306937935338,2393.9593478077536,5,43,18342.08,1466.67,5.0,United Kingdom,Retain and reward,Retain and reward
15939,High Value Loyal,0.9702728476897599,1826.2996207764336,1772.0089337854788,1771.9220798801844,7,15,8805.63,249.4,2.0,United Kingdom,Retain and reward,Retain and reward
15125,High Value Loyal,0.9106582221381411,1920.6307363142514,1749.038171715805,2317.4298122047894,13,21,16291.87,1000.88,1.0,United Kingdom,Retain and reward,Retain and reward
12830,At Risk High Value,0.5947869753216191,2939.3044578831605,1748.2600080536763,4258.935625959988,34,4,5204.0,0.0,0.0,United Kingdom,Retain and reward,Retain and reward
17706,High Value Loyal,0.9659673454652694,1805.21988502896,1743.7834603225435,2394.6520135083724,0,26,18272.99,1508.7,3.0,United Kingdom,Retain and reward,Retain and reward
18073,High Value Loyal,0.9559621782522755,1823.1630896979634,1742.874958536814,2588.086181525754,14,12,3859.82,1608.7800000000002,2.0,United Kingdom,Retain and reward,Retain and reward
15749,Return-Heavy Occasional,0.19569027439052075,8901.25800061427,1741.8896205610247,40103.45537871339,135,3,44534.3,0.0,0.0,United Kingdom,Low-cost automation,Low-cost automation
14062,High Value Loyal,0.9467771160480789,1817.9235086873118,1721.1683767509778,3117.8130191434134,12,21,22922.59,1708.68,1.0,United Kingdom,Retain and reward,Retain and reward
16532,At Risk High Value,0.6829088485968904,2516.948103147715,1718.8461310987332,1400.134951876848,35,4,6524.64,0.0,0.0,United Kingdom,Retain and reward,Retain and reward
17340,High Value Loyal,0.9655475356298846,1777.701496813159,1716.455299333503,2707.677683268973,20,14,17529.579999999998,595.72,1.0,United Kingdom,Retain and reward,Retain and reward
17315,High Value Loyal,0.9959857902844057,1628.6873839590799,1622.1494912387254,1656.1018888927072,0,35,7686.4400000000005,879.8199999999999,6.0,United Kingdom,Retain and reward,Retain and reward
12428,High Value Loyal,0.8360407614531155,1881.442661004725,1572.962754936766,1269.329200906037,20,8,7548.12,605.14,1.0,Finland,Retain and reward,Retain and reward
12744,At Risk High Value,0.4928648430949597,3190.615842666412,1572.5423766720737,3648.3569914197697,44,9,18249.74,0.0,0.0,Singapore,Low-cost automation,Low-cost automation
16656,High Value Loyal,0.9893618434915832,1580.0115463670588,1563.2031362517005,1947.7243051867665,20,25,14464.369999999999,1000.64,2.0,United Kingdom,Retain and reward,Retain and reward
17396,At Risk High Value,0.5961928095569264,2617.7008071557784,1560.6543987976377,1639.0508798569592,48,12,6278.099999999999,0.0,0.0,United Kingdom,Retain and reward,Retain and reward
13113,High Value Loyal,0.9799129385590631,1591.5384615668816,1559.5691307037735,2707.0565534069665,13,33,17144.14,1143.04,2.0,United Kingdom,Retain and reward,Retain and reward
18172,High Value Loyal,0.983064444953921,1579.1946537820293,1552.45011579443,2065.9345069098904,27,42,15234.88,1019.44,1.0,United Kingdom,Retain and reward,Retain and reward
13340,High Value Loyal,0.7296633143390959,2111.1053280721017,1540.3961106000143,2593.9313538095716,5,10,20593.62,957.24,1.0,United Kingdom,Retain and reward,Retain and reward
17581,High Value Loyal,0.9815115913390128,1559.3636799442206,1530.5335269783109,1954.517891615056,9,35,14235.0,1417.46,2.0,United Kingdom,Retain and reward,Retain and reward
16745,High Value Loyal,0.951330826436361,1607.7441903066144,1529.4966092626496,2092.5708016367453,19,15,5897.33,311.20000000000005,1.0,United Kingdom,Retain and reward,Retain and reward
16182,At Risk High Value,0.78161916629026,1956.0109216250698,1528.85562581523,1405.316607242223,30,8,8198.0,0.0,0.0,United Kingdom,Retain and reward,Retain and reward
13458,At Risk High Value,0.9097198056895336,1678.7994265400803,1527.2370881037423,2480.4629750913155,35,11,9668.14,0.0,0.0,United Kingdom,Retain and reward,Retain and reward
17857,High Value Loyal,0.8351312224904713,1827.2511348833746,1525.9944740722538,2530.6219437797495,9,14,15496.119999999999,3977.6400000000003,2.0,United Kingdom,Retain and reward,Retain and reward
13488,High Value Loyal,0.9169058930103404,1618.2696286447015,1483.800958983982,1990.474401668694,20,19,13215.95,642.36,1.0,United Kingdom,Retain and reward,Retain and reward
17719,High Value Loyal,0.9742595139911102,1514.6335346337598,1475.6461313269242,1880.3913267812013,6,12,4477.4,1579.86,4.0,United Kingdom,Retain and reward,Retain and reward
14849,High Value Loyal,0.9825728727960993,1499.2768845382761,1473.1487955575597,1829.7884776347257,19,33,12858.16,813.71,2.0,United Kingdom,Retain and reward,Retain and reward
16180,High Value Loyal,0.8218084169099087,1784.5244717695093,1466.5372310818916,2988.3542625262307,0,13,16249.87,4041.8,2.0,United Kingdom,Retain and reward,Retain and reward
15640,High Value Loyal,0.9783109676172496,1482.5406692415568,1450.3857966576322,2651.422539827762,21,25,20248.66,1479.71,2.0,United Kingdom,Retain and reward,Retain and reward
18226,High Value Loyal,0.983431244470695,1472.2858907900584,1447.8919457963127,1668.2450339265524,20,24,10901.86,666.8,1.0,United Kingdom,Retain and reward,Retain and reward
12540,High Value Loyal,0.9849068469406814,1462.3028381194713,1440.232077564658,2388.0037433770794,7,26,17641.12,509.34000000000003,1.0,Spain,Retain and reward,Retain and reward
12939,At Risk High Value,0.8661577987565889,1661.93941377298,1439.5017843004202,3228.861398401398,38,16,21673.079999999998,0.0,0.0,United Kingdom,Retain and reward,Retain and reward
12766,At Risk High Value,0.8417968044153219,1707.6990626118475,1437.5356138096938,2201.171029322449,49,7,8030.84,0.0,0.0,Portugal,Retain and reward,Retain and reward
12477,High Value Loyal,0.7045542332609125,2015.3731598964196,1419.9396914054444,2824.2305884336574,0,6,15890.66,4257.0599999999995,1.0,Germany,Retain and reward,Retain and reward
12567,High Value Loyal,0.9304700437869953,1521.110400868096,1415.3476613005912,1754.3075170976224,8,13,11266.74,851.06,1.0,France,Retain and reward,Retain and reward
13027,High Value Loyal,0.9608568806514368,1472.4079820089605,1414.7733406394068,2520.6000873037915,13,19,17239.2,1536.0,1.0,United Kingdom,Retain and reward,Retain and reward
16187,High Value Loyal,0.9452775234921639,1477.4995180300562,1396.6470853643173,1840.800958551849,13,10,4601.32,1125.7,2.0,United Kingdom,Retain and reward,Retain and reward
16843,At Risk High Value,0.9566089154310755,1458.0590777707712,1394.7923130207316,2229.264714773882,34,30,16746.46,0.0,0.0,United Kingdom,Retain and reward,Retain and reward
12472,At Risk High Value,0.9693562940794976,1427.689895499219,1383.9401861958681,2140.631512416519,38,17,16236.08,0.0,0.0,Germany,Retain and reward,Retain and reward
12346,Return-Heavy Occasional,0.09236864599814117,14744.73681353647,1361.9513750653102,11306.766115116958,225,12,77556.46,0.0,0.0,United Kingdom,Win-back high value customers,Win-back high value customers
12435,At Risk High Value,0.5395852703859711,2518.7763216884664,1359.0946025800529,1617.574317434199,167,5,10075.03,0.0,0.0,Denmark,Retain and reward,Retain and reward
15358,High Value Loyal,0.9792913343242998,1386.457373167619,1357.7456909530813,1919.598643629108,20,35,14343.02,710.2,1.0,United Kingdom,Retain and reward,Retain and reward
14016,At Risk High Value,0.8838914804893706,1528.0621325305922,1350.64110060221,1591.6189579459117,61,11,11403.41,0.0,0.0,EIRE,Retain and reward,Retain and reward
16210,High Value Loyal,0.8983847786873017,1491.4087924967303,1339.858957979471,3815.394360926909,16,27,28307.29,310.87,1.0,United Kingdom,Retain and reward,Retain and reward
17723,High Value Loyal,0.8019917090891251,1667.0329244653094,1336.9465841997758,1110.9974687959673,27,7,3378.4000000000005,622.5,1.0,United Kingdom,Retain and reward,Retain and reward
15005,High Value Loyal,0.9929967173007612,1342.449566003709,1333.0480121835146,1559.1630638476672,8,47,11995.94,429.49,2.0,United Kingdom,Retain and reward,Retain and reward
12688,High Value Loyal,0.5624455867121343,2368.0093463423154,1331.8764061433212,,13,1,4873.8099999999995,4873.8099999999995,1.0,Israel,Retain and reward,Retain and reward
13316,At Risk High Value,0.7331773525210549,1814.8436081277084,1330.602231846832,1594.3916219675057,31,8,10743.07,0.0,0.0,United Kingdom,Retain and reward,Retain and reward
12476,At Risk High Value,0.8542148910030213,1556.0241157419653,1329.1789704265955,2001.5881126684742,41,18,10459.16,0.0,0.0,Germany,Retain and reward,Retain and reward
15218,High Value Loyal,0.9709309915220238,1367.8218705106744,1328.0606449604384,1409.7896112675128,16,19,9577.29,705.3000000000001,2.0,United Kingdom,Retain and reward,Retain and reward
16652,High Value Loyal,0.899506849328973,1475.810159249956,1327.5013465546178,2421.9206487510683,9,14,15302.29,1471.25,2.0,United Kingdom,Retain and reward,Retain and reward
17716,High Value Loyal,0.9194299623182268,1434.1799796974842,1318.628044690813,1885.239857317702,23,17,13737.74,809.82,1.0,United Kingdom,Retain and reward,Retain and reward
16168,High Value Loyal,0.989804607993075,1314.6214871125014,1301.2184057106629,1209.2613302377572,3,55,9210.07,574.0799999999999,4.0,United Kingdom,Retain and reward,Retain and reward
17139,High Value Loyal,0.9440289120173316,1374.420815068035,1297.4929867026513,2313.6407038812154,22,20,15767.81,1256.95,1.0,United Kingdom,Retain and reward,Retain and reward
14936,High Value Loyal,0.730423167407692,1769.519548449315,1292.4980733681775,1782.371733370396,8,7,9346.67,1436.49,1.0,Channel Islands,Retain and reward,Retain and reward
15281,At Risk High Value,0.9366469953181045,1379.6660926775023,1292.260100248652,1199.6120329741173,36,15,8403.2,0.0,0.0,United Kingdom,Retain and reward,Retain and reward
13969,High Value Loyal,0.9876201499234305,1306.4378444588433,1290.2643398100863,1275.1048956427521,7,28,8150.110000000001,986.01,2.0,United Kingdom,Retain and reward,Retain and reward
14051,High Value Loyal,0.9833088122078577,1309.0652364342598,1287.2153827407703,1992.2572603862145,13,29,15471.45,742.8000000000001,1.0,United Kingdom,Retain and reward,Retain and reward
13178,At Risk High Value,0.9357136629862405,1371.900365481389,1283.7059162367525,1731.2038203572802,33,18,12725.45,0.0,0.0,United Kingdom,Retain and reward,Retain and reward
13001,At Risk High Value,0.8921287271475912,1434.5988989058906,1279.846889648248,2945.2051727784715,58,31,22839.25,0.0,0.0,United Kingdom,Retain and reward,Retain and reward
12627,High Value Loyal,0.8954891000168503,1428.3414460538388,1279.0641960435187,1703.0225128300776,8,4,1908.57,1140.5500000000002,3.0,Germany,Retain and reward,Retain and reward
13534,High Value Loyal,0.9596822579841798,1312.9780422713388,1260.0417322906064,1211.6758577452688,7,31,6222.35,338.2,1.0,United Kingdom,Retain and reward,Retain and reward
13102,At Risk High Value,0.9500513078382015,1318.0800553202293,1252.243680392433,1672.4542352205933,33,32,10234.53,0.0,0.0,United Kingdom,Retain and reward,Retain and reward
14961,At Risk High Value,0.872792173027064,1422.183080614647,1241.2702613719819,1729.1790173830505,54,19,13272.45,0.0,0.0,United Kingdom,Retain and reward,Retain and reward
14194,High Value Loyal,0.9777913608038228,1268.7950657712909,1240.6168539416863,1818.9533237164899,6,27,12987.52,1138.8,2.0,United Kingdom,Retain and reward,Retain and reward
12626,High Value Loyal,0.7987211909635632,1546.681432516344,1235.3672358206843,1537.1796764895394,12,6,4774.0,1526.1,2.0,Germany,Retain and reward,Retain and reward
12643,High Value Loyal,0.964750544770285,1278.0910869481593,1233.0390723992823,1102.6041089091827,28,12,8304.82,1202.22,1.0,France,Retain and reward,Retain and reward
18251,At Risk High Value,0.3279717540549752,3747.6417648683137,1229.1206431935439,1901.215789546565,345,8,21964.14,0.0,0.0,United Kingdom,Low-cost automation,Low-cost automation
16161,At Risk High Value,0.9575364403669504,1279.0657209922904,1224.7520374743447,1490.359963555333,40,36,10247.25,0.0,0.0,United Kingdom,Retain and reward,Retain and reward
18092,High Value Loyal,0.8972057864932521,1360.8153506189647,1220.9314069241789,1713.1191402537147,19,15,12962.66,1181.44,1.0,United Kingdom,Retain and reward,Retain and reward
15093,High Value Loyal,0.9742806023747068,1252.9049943210603,1220.6810325854012,1903.8145765565143,16,22,13756.19,630.42,1.0,United Kingdom,Retain and reward,Retain and reward
12524,At Risk High Value,0.7778291175569294,1566.3124504979871,1218.323431189281,1457.2019779131765,62,15,9762.869999999999,0.0,0.0,Germany,Retain and reward,Retain and reward
12989,At Risk High Value,0.9426085406563776,1291.851047968282,1217.7098310707943,1483.4636335545863,57,26,11096.78,0.0,0.0,United Kingdom,Retain and reward,Retain and reward
13097,High Value Loyal,0.9679106218487259,1252.2644026656603,1212.0800167031425,1579.970388421391,22,26,11957.39,636.75,1.0,United Kingdom,Retain and reward,Retain and reward
17858,High Value Loyal,0.9726250441678395,1243.6601970516044,1209.6150540871006,1479.4498808397889,16,27,11255.49,552.05,2.0,United Kingdom,Retain and reward,Retain and reward
13668,High Value Loyal,0.9821223380899685,1226.202690380362,1204.2810532485707,1504.4947267261455,13,30,11539.62,431.11,1.0,United Kingdom,Retain and reward,Retain and reward
16923,At Risk High Value,0.9433703893654868,1275.0563208186036,1202.8503778335712,1463.8428038348582,52,26,10330.47,0.0,0.0,United Kingdom,Retain and reward,Retain and reward
12714,High Value Loyal,0.9796418379646731,1226.0662891174325,1201.1058329375278,1798.951446437382,6,11,12774.55,1114.52,1.0,France,Retain and reward,Retain and reward
14527,High Value Loyal,0.9854159777875957,1210.8559296202254,1193.1967798466226,3088.565453798624,7,106,24393.48,553.83,4.0,United Kingdom,Retain and reward,Retain and reward
14367,At Risk High Value,0.8854859450971553,1345.0513034208848,1191.0240246138028,2131.050902373364,37,10,5419.7,0.0,0.0,United Kingdom,Retain and reward,Retain and reward
16553,At Risk High Value,0.6833168308131164,1741.572897141017,1190.0460727044174,2508.9338469948048,63,33,16584.010000000002,0.0,0.0,United Kingdom,Retain and reward,Retain and reward
14800,High Value Loyal,0.9304270668795177,1270.47481822092,1182.084158661579,1747.2971379947257,9,14,7247.87,163.72,1.0,United Kingdom,Retain and reward,Retain and reward
16746,High Value Loyal,0.9947218099798303,1185.0330408797365,1178.7782113097937,2087.5940994912858,0,36,15770.17,644.4200000000001,2.0,United Kingdom,Retain and reward,Retain and reward
16873,High Value Loyal,0.8376921772907203,1400.05876724029,1172.8182770644803,1653.8099665302257,27,10,11365.24,638.02,1.0,United Kingdom,Retain and reward,Retain and reward
12647,High Value Loyal,0.9840799758312745,1190.5634914891007,1171.609691930192,2272.4017212959516,26,33,17088.24,307.8,1.0,Germany,Retain and reward,Retain and reward
18225,High Value Loyal,0.9758740564499915,1198.2373498523,1169.3287431902515,1425.797467232549,13,21,10270.62,574.31,1.0,United Kingdom,Retain and reward,Retain and reward
13090,At Risk High Value,0.872253937536083,1339.9728449034278,1168.796590158442,2104.8958962461265,36,19,10101.34,0.0,0.0,United Kingdom,Retain and reward,Retain and reward
14667,High Value Loyal,0.9931923605151749,1175.9020612751206,1167.8969439724967,2358.157738358025,13,46,17846.67,497.98,2.0,United Kingdom,Retain and reward,Retain and reward
18223,At Risk High Value,0.954075668229826,1222.889096919695,1166.7287323146265,1377.4743039023613,43,22,11120.92,0.0,0.0,United Kingdom,Retain and reward,Retain and reward
18055,High Value Loyal,0.8759758161774058,1331.2274108473264,1166.1230177347215,1878.9980126136684,28,11,8054.64,310.33,1.0,United Kingdom,Retain and reward,Retain and reward
14426,At Risk High Value,0.8612538995289094,1352.5580333530963,1164.895880564507,1653.278515950218,40,13,10131.85,0.0,0.0,United Kingdom,Retain and reward,Retain and reward
12583,High Value Loyal,0.9893393144795946,1162.6837952459905,1150.2887889452015,1477.2350319055713,6,21,11398.27,243.1,1.0,France,Retain and reward,Retain and reward
14040,High Value Loyal,0.97774557453438,1174.5225938226583,1148.3842683007454,1468.092607973035,17,32,11435.55,374.95000000000005,2.0,United Kingdom,Retain and reward,Retain and reward
14769,High Value Loyal,0.9653264515176859,1187.793837768498,1146.608810547638,1517.3848707194934,8,15,11381.97,312.66,1.0,United Kingdom,Retain and reward,Retain and reward
16729,High Value Loyal,0.9563113059037135,1192.8926573047402,1140.776734910047,2271.5426306484405,14,16,4996.29,395.37,1.0,United Kingdom,Retain and reward,Retain and reward
13013,High Value Loyal,0.9139166252916044,1235.1524872534271,1128.8263928711835,1470.1578981566881,7,24,11197.619999999999,449.65999999999997,2.0,United Kingdom,Retain and reward,Retain and reward
13468,High Value Loyal,0.9809770129426544,1149.827242055666,1127.9540933118576,1545.363661413017,7,62,11926.07,228.47,2.0,United Kingdom,Retain and reward,Retain and reward
17416,High Value Loyal,0.8483873737668632,1329.0618103460304,1127.5592588533016,2220.034316728237,9,20,15699.52,908.74,1.0,United Kingdom,Retain and reward,Retain and reward
17243,High Value Loyal,0.972998756346044,1156.9954481380705,1125.7551321363765,2032.3289709330038,13,58,15829.7,278.55,1.0,United Kingdom,Retain and reward,Retain and reward
12431,High Value Loyal,0.952681690760948,1178.379553648613,1122.6206255280918,1193.128828392616,19,23,9177.59,608.76,1.0,Australia,Retain and reward,Retain and reward
12823,High Value Loyal,0.9176767286135696,1221.5882520652613,1121.0231108680177,869.871024922191,27,17,5966.0,229.5,1.0,United Kingdom,Retain and reward,Retain and reward
16258,High Value Loyal,0.826890742719146,1353.3998536371973,1119.1138101700456,1657.3174598784917,27,14,10480.07,754.8000000000001,1.0,United Kingdom,Retain and reward,Retain and reward
12590,At Risk High Value,0.2750579470040792,4047.5448168611374,1113.309367732826,,111,2,9864.26,0.0,0.0,Germany,Low-cost automation,Low-cost automation
14364,High Value Loyal,0.8825260365656997,1246.2084956190004,1099.8114443731395,2025.0218336820615,8,8,3717.35,351.1,1.0,United Kingdom,Retain and reward,Retain and reward
15738,High Value Loyal,0.9861959942153318,1113.4435691644655,1098.0735876948177,1621.3919325863994,9,37,12118.960000000001,327.15,1.0,United Kingdom,Retain and reward,Retain and reward
14110,High Value Loyal,0.9272288823841559,1181.3888930031956,1095.417902920408,1407.8372225273324,19,26,10564.42,860.98,1.0,United Kingdom,Retain and reward,Retain and reward
13418,High Value Loyal,0.9705862349688855,1127.8665443357331,1094.691742814187,1346.1961988079322,24,27,10397.6,263.19,1.0,United Kingdom,Retain and reward,Retain and reward
13199,High Value Loyal,0.9820659240753888,1110.8965695234208,1090.9736661011978,1486.1133433276414,3,50,11169.61,202.07999999999998,2.0,United Kingdom,Retain and reward,Retain and reward
16126,High Value Loyal,0.9347498141908299,1161.1840870797803,1085.4166096391732,1710.6816478837347,1,14,12063.53,1862.7,1.0,United Kingdom,Retain and reward,Retain and reward
12683,High Value Loyal,0.9138913361475353,1187.5449319396362,1085.287024585548,1488.049384107224,5,17,10438.09,1130.95,1.0,France,Retain and reward,Retain and reward
15251,High Value Loyal,0.9242662344614153,1170.708419393323,1082.0462624449422,2543.234022078931,6,17,17291.670000000002,740.6,2.0,United Kingdom,Retain and reward,Retain and reward
14101,At Risk High Value,0.9155238368223856,1178.0355040082018,1078.5195845425817,1450.9070653372632,42,12,8929.53,0.0,0.0,United Kingdom,Retain and reward,Retain and reward
16033,High Value Loyal,0.9753248622793353,1104.69390805978,1077.4354337392256,1640.8607158573493,8,23,7850.18,1317.38,2.0,United Kingdom,Retain and reward,Retain and reward
14299,High Value Loyal,0.8978019981818591,1199.8407589614292,1077.2194308956095,1515.532834561374,7,23,12971.01,871.2,1.0,United Kingdom,Retain and reward,Retain and reward
12656,High Value Loyal,0.9202310195005088,1169.7247399244943,1076.4169899556848,962.3021517505476,16,6,5177.33,1161.07,1.0,France,Retain and reward,Retain and reward
17338,High Value Loyal,0.9805490785586454,1092.9165880954877,1071.658353398489,1700.2974966531049,14,16,10559.710000000001,946.74,1.0,United Kingdom,Retain and reward,Retain and reward
13004,High Value Loyal,0.9886272807662612,1083.2063110785316,1070.8873098304216,1312.2619085995345,14,30,9780.03,328.07,1.0,United Kingdom,Retain and reward,Retain and reward
14709,High Value Loyal,0.9806832076254764,1079.8010290243565,1058.9427367408962,993.0628855902999,12,20,7329.73,546.9,1.0,United Kingdom,Retain and reward,Retain and reward
12949,High Value Loyal,0.888516670957382,1191.6376231859635,1058.7898939407594,1860.168569687959,14,21,14808.9,425.75,1.0,United Kingdom,Retain and reward,Retain and reward
15249,High Value Loyal,0.9492239531923459,1091.9616112467204,1036.5161173618956,1231.8103683543293,7,15,7934.57,1696.66,4.0,United Kingdom,Retain and reward,Retain and reward
15290,High Value Loyal,0.9881530720995954,1048.04386732439,1035.6277671917367,902.3101864727128,3,20,5945.65,902.72,3.0,United Kingdom,Retain and reward,Retain and reward
18109,High Value Loyal,0.9886795398085899,1040.4771602949875,1028.6984800217967,1182.9539556201357,10,29,6261.26,658.6099999999999,2.0,United Kingdom,Retain and reward,Retain and reward
17160,High Value Loyal,0.8907979630629511,1149.7054148852333,1024.155241702211,1261.5888638958631,9,16,9692.31,758.0500000000001,1.0,United Kingdom,Retain and reward,Retain and reward
16814,High Value Loyal,0.9705679563529528,1051.3624032578643,1020.4186591163144,1690.025190323886,8,31,10913.130000000001,177.89999999999998,1.0,United Kingdom,Retain and reward,Retain and reward
14828,At Risk High Value,0.7746848705932229,1309.2514169615392,1014.2572645228437,1318.3976644691138,96,13,9839.46,0.0,0.0,United Kingdom,Retain and reward,Retain and reward
15194,High Value Loyal,0.9610760666759735,1054.4088496619258,1013.3671099014215,1233.883040782245,26,24,9280.69,402.02,1.0,United Kingdom,Retain and reward,Retain and reward
12474,At Risk High Value,0.9796970170757732,1032.3114645716714,1011.3524625339892,1345.4145480409015,37,25,8945.04,0.0,0.0,Germany,Retain and reward,Retain and reward
17133,At Risk High Value,0.6360233192882426,1587.5605137641737,1009.7255075352375,1768.7439889839727,90,8,12208.880000000001,0.0,0.0,United Kingdom,Retain and reward,Retain and reward
13069,High Value Loyal,0.9831225413913204,1021.9602638271772,1004.7121717747187,1479.4527938101987,19,33,8578.77,185.97,2.0,United Kingdom,Retain and reward,Retain and reward
14566,High Value Loyal,0.5956216190764351,1670.976448441407,995.2696976592621,948.0600943220119,10,4,4092.0,1432.0,1.0,Channel Islands,Retain and reward,Retain and reward
16327,At Risk High Value,0.8309957633540315,1187.302912464821,986.6436900761687,1242.83791351272,99,14,9344.61,0.0,0.0,United Kingdom,Retain and reward,Retain and reward
16558,High Value Loyal,0.9780262912302514,1006.5615371029282,984.443647027798,1307.9668562466575,21,31,9897.42,203.59,1.0,United Kingdom,Retain and reward,Retain and reward
14415,High Value Loyal,0.9576518053000475,1026.6907112609756,983.2122131238631,1277.2845403435833,23,18,9430.4,364.26,1.0,United Kingdom,Retain and reward,Retain and reward
15981,At Risk High Value,0.9273323290392629,1054.0076066509462,977.4153287007211,1346.0410248520475,37,19,8412.49,0.0,0.0,United Kingdom,Retain and reward,Retain and reward
12437,At Risk High Value,0.8654812943741814,1128.5617443431368,976.749079275282,1281.9524775486516,77,30,10208.72,0.0,0.0,France,Retain and reward,Retain and reward
16303,High Value Loyal,0.7427073736974587,1310.6357310406654,973.4188216752614,1201.0061823348826,15,6,6603.97,3209.15,1.0,United Kingdom,Retain and reward,Retain and reward
15601,High Value Loyal,0.9776484957751554,987.2208313697333,965.1549607865181,1889.2966958462112,22,27,13769.02,462.06,1.0,United Kingdom,Retain and reward,Retain and reward
14060,High Value Loyal,0.9767590641294882,987.904110228265,964.944294156235,1177.3719485404579,8,25,7481.4400000000005,306.96000000000004,1.0,United Kingdom,Retain and reward,Retain and reward
15301,High Value Loyal,0.9219282984073449,1044.5835782825475,963.0311608702846,1435.101061443528,13,14,6260.49,503.44,1.0,United Kingdom,Retain and reward,Retain and reward
16265,High Value Loyal,0.8577003974919866,1115.6400509614248,956.8849151675942,1571.2143903931392,10,10,5550.1900000000005,435.98,1.0,United Kingdom,Retain and reward,Retain and reward
13263,High Value Loyal,0.9884034309167653,964.5356652004597,953.3503607257188,1471.3840345541812,8,27,6094.06,582.0999999999999,3.0,United Kingdom,Retain and reward,Retain and reward
15032,At Risk High Value,0.3944840336168685,2416.6783651899436,953.3410294547485,1966.8355548560194,156,8,13780.65,0.0,0.0,United Kingdom,Low-cost automation,Low-cost automation
16019,At Risk High Value,0.9241164038577144,1023.8702224699528,946.1752680059308,2203.1745210611784,36,25,16495.170000000002,0.0,0.0,United Kingdom,Retain and reward,Retain and reward
14676,At Risk High Value,0.8119603517540753,1163.9712518726446,945.0985071021439,1195.555978726897,47,10,7499.469999999999,0.0,0.0,United Kingdom,Retain and reward,Retain and reward
17364,At Risk High Value,0.957179615685656,984.4117368958813,942.2588479984488,1344.557909226409,37,23,10127.65,0.0,0.0,United Kingdom,Retain and reward,Retain and reward
13564,At Risk High Value,0.88641814102834,1056.3411377993407,936.3599476598531,2304.9898542046362,44,37,17035.02,0.0,0.0,United Kingdom,Retain and reward,Retain and reward
18198,High Value Loyal,0.9483783406855691,986.645055420961,935.7128005057524,1412.0534915475434,0,14,4427.39,314.28000000000003,1.0,United Kingdom,Retain and reward,Retain and reward
12705,At Risk High Value,0.8384963081463399,1111.0198095833834,931.5860086131166,1661.622791307681,58,9,9056.33,0.0,0.0,Germany,Retain and reward,Retain and reward
13576,High Value Loyal,0.9461110645440787,983.0585531958542,930.0825742732914,1258.858353462954,13,22,9351.61,332.04,1.0,United Kingdom,Retain and reward,Retain and reward
13050,High Value Loyal,0.9953285965922235,934.1636714631501,929.7998161048561,1475.2097116828859,6,31,10987.41,711.23,2.0,United Kingdom,Retain and reward,Retain and reward
16550,High Value Loyal,0.9399365081927198,986.5235438040274,927.2694950130652,1239.8420256887932,8,18,9368.24,526.72,1.0,United Kingdom,Retain and reward,Retain and reward
13139,High Value Loyal,0.7052418553785602,1305.3751387832176,920.6051848405219,621.85459019085,9,4,4848.98,540.9200000000001,1.0,United Kingdom,Retain and reward,Retain and reward
14944,At Risk High Value,0.8434490853361887,1086.9183869254207,916.7603192873318,903.1326304439744,44,13,6392.150000000001,0.0,0.0,United Kingdom,Retain and reward,Retain and reward
14952,At Risk High Value,0.7720622497822668,1185.8021034308852,915.5130397713934,1703.1937350648518,106,28,13064.47,0.0,0.0,United Kingdom,Retain and reward,Retain and reward
17873,At Risk High Value,0.9265555157620496,986.8048396866399,914.3294671923413,813.0743024761841,84,17,6198.24,0.0,0.0,United Kingdom,Retain and reward,Retain and reward
16701,High Value Loyal,0.9784742452488289,931.6304861906852,911.5764368262302,1129.4980759432963,29,23,8568.85,376.02,1.0,United Kingdom,Retain and reward,Retain and reward
12481,At Risk High Value,0.5853108302816171,1551.6932758540577,908.2228796325409,1421.293442060717,79,13,10850.33,0.0,0.0,Germany,Retain and reward,Retain and reward
13198,High Value Loyal,0.8806983091382138,1030.1152605667278,907.2207681985876,1083.873672803775,20,7,4582.17,489.86,1.0,United Kingdom,Retain and reward,Retain and reward
13225,At Risk High Value,0.8989051939976425,1002.5072543147927,901.1589779238826,1872.9690342303609,43,14,14095.79,0.0,0.0,United Kingdom,Retain and reward,Retain and reward
16713,High Value Loyal,0.9794757763725093,919.5831291134467,900.7093993274547,1535.0793743032657,15,28,11589.98,369.33,1.0,United Kingdom,Retain and reward,Retain and reward
12444,High Value Loyal,0.6301954495550088,1427.9662962725483,899.8978620288796,3637.3459257785544,21,2,2627.27,757.0699999999999,1.0,Norway,Retain and reward,Retain and reward
13162,High Value Loyal,0.923754428951546,971.9482700561441,897.8415191761565,1219.8989342422692,22,16,9275.49,382.85,1.0,United Kingdom,Retain and reward,Retain and reward
15984,High Value Loyal,0.9786421267167327,916.3294543997226,896.7586060269279,998.3720039956766,0,27,7542.6,1032.1799999999998,2.0,United Kingdom,Retain and reward,Retain and reward
13631,Low Value Infrequent,0.7512404861925468,1187.5638789687187,892.146065821167,1531.4630147528792,43,10,3017.92,0.0,0.0,United Kingdom,Retain and reward,Retain and reward
15805,High Value Loyal,0.9542934193750874,932.7533301957587,890.1203649060105,1078.0526599586076,6,24,8209.25,550.75,1.0,United Kingdom,Retain and reward,Retain and reward
13815,At Risk High Value,0.670447511755513,1323.626383024825,887.4220149929434,1072.310580612605,72,6,6426.13,0.0,0.0,Germany,Retain and reward,Retain and reward
17975,High Value Loyal,0.9658718680322093,914.5032340744375,883.2929470169737,1368.7567326702842,14,22,6477.620000000001,544.8100000000001,1.0,United Kingdom,Retain and reward,Retain and reward
14688,High Value Loyal,0.9127999984665014,965.6673168868625,881.4611253734786,1280.628982344568,29,22,5887.67,423.3,1.0,United Kingdom,Retain and reward,Retain and reward
14243,At Risk High Value,0.8924198601389677,985.7836441865182,879.7329018722145,980.2687204869676,40,14,6833.06,0.0,0.0,United Kingdom,Retain and reward,Retain and reward
12720,High Value Loyal,0.9531109383421267,922.300712363154,879.0548973940577,1027.0518341441343,24,20,5793.44,328.44,2.0,Germany,Retain and reward,Retain and reward
